{
  "0":[-0.4319721542237018, -0.3572093723324629, 0.6076757421769601, -0.9625460769701178, -2.8936612836654283, 0.03925065319020124],
  "1":[-0.5088173760746395, -0.17776603641485714, 0.6078625759139017, -1.49322107385867, -2.7532146418412458, -0.08909918888585538],
  "2":[0.4755486711206464, -0.2416975529844596, 0.6214089825624597, 1.9475338882898827, -2.459240860285663, 0.02962662555531608],
  "3":[0.4886740265254075, -0.0319780325995607, 0.6217669324039102, 2.3781205274280297, -1.9578345882345136, -0.05455444131226219],
  "4":[0.4602202973633812, 0.17931017926736376, 0.6259787844695708, 2.779422961428188, -1.4013172773962668, 0.007859797968107405],
  "5":[-0.034972798516929894, -0.2548126162085153, 0.6222689664807985, -1.308443340425171, 2.85585186513321, -0.032488898689463676],

  "6":[0.23898,-0.74809,-0.26527,0.4194,-3.0874,0.5409],
  "7":[0.22604,-0.72028,-0.14769,0.4029,-3.0866,0.5420],
"8":[0.23898,-0.74809,-0.26527,0.4194,-3.0874,0.5409],
"9":[0.23898,-0.74809,-0.26527,0.4194,-3.0874,0.5409],

  "10":[0.0021995147225551664, -0.6253956512903265, 0.3629390730328465, 1.4207742373527577, 2.7570512674839134, 0.1173770273962587],
  "11":[-0.08827560115779397, -0.5661051360791852, 0.37515327590612935, -1.0279925614706111, -2.837210578720039, -0.33853322383932344],
  "12":[-0.11605583234622421, -0.6311723622299888, 0.35093987933451637, 0.7049123869786046, -3.0278355813802644, 0.0009227371098706661],
  "13":[0.1276037944521756, -0.6191288286156901, 0.3777614049837809, -0.8129085847521942, 2.8115743581641035, -0.0897723992788553],
  "14":[0.10877876837107185, -0.6038616094142625, 0.3734041791099255, -0.6872789580292781, 2.9844066482433598, 0.20977853362038987],
  "15":[0.11595032208135582, -0.6325580950167162, 0.3601706697794816, 0.9800006456957201, 2.905045539547848, 0.07992828947320295],
  "16":[0.11702525064339257, -0.6155169995948035, 0.3934203260918571, 0.8543648215993959, 2.880831325788665, -0.04979688034246812],
  "17":[0.12907149688896588, -0.5547971898702652, 0.37770135817019707, 0.8236361811278876, 2.9171334836584717, 0.3128701372982287],
  "18":[-0.1519962899802989, -0.6057372394845393, 0.3565450928673132, -1.418546192400254, -2.645586100424371, 0.21952809300840206]

}
